Gene_set,Term,Overlap,P-value,Adjusted P-value,Old P-value,Old Adjusted P-value,Odds Ratio,Combined Score,Genes
Reactome_2022,Phosphorylation Of CD3 And TCR Zeta Chains R-HSA-202427,4/20,4.066472446950583e-05,0.0190310910517287,0,0,25.365384615384617,256.4478321588423,HLA-DRA;HLA-DQA1;HLA-DRB1;PAG1
Reactome_2022,Generation Of Second Messenger Molecules R-HSA-202433,4/32,0.0002749103163951288,0.0643290140364601,0,0,14.485714285714286,118.7693222083751,HLA-DRA;HLA-DQA1;CD101;HLA-DRB1
Reactome_2022,Translocation Of ZAP-70 To Immunological Synapse R-HSA-202430,3/17,0.0005952916022756877,0.0711698969241402,0,0,21.63301749271137,160.6567214496655,HLA-DRA;HLA-DQA1;HLA-DRB1
Reactome_2022,MHC Class II Antigen Presentation R-HSA-2132295,6/104,0.0006082897173003436,0.0711698969241402,0,0,6.2502907898910856,46.282523763065406,CD74;HLA-DMA;HLA-DMB;HLA-DRA;HLA-DQA1;HLA-DRB1
Reactome_2022,PD-1 Signaling R-HSA-389948,3/21,0.0011307035814463,0.1058338552233777,0,0,16.822278911564627,114.13773591210324,HLA-DRA;HLA-DQA1;HLA-DRB1
Reactome_2022,Insulin-like Growth Factor-2 mRNA Binding Proteins (IGF2BPs/IMPs/VICKZs) Bind RNA R-HSA-428359,2/7,0.0020017318633323,0.1561350853399227,0,0,40.19492385786802,249.76090832632173,IGF2;IGF2BP3
Reactome_2022,TCR Signaling R-HSA-202403,5/116,0.0061040388526047,0.3931913693236828,0,0,4.571839881118232,23.31091830735552,HLA-DRA;CD101;HLA-DQA1;PAG1;HLA-DRB1
Reactome_2022,Adaptive Immune System R-HSA-1280218,15/733,0.006721219988439,0.3931913693236828,0,0,2.1666843284485893,10.838807142032383,CD74;WWP1;UBE2E2;KLHL13;PVR;YWHAZ;HLA-DMA;ZNRF2;HLA-DMB;HLA-DRA;CD36;HLA-DRB1;HLA-DQA1;PAG1;CD101
Reactome_2022,Deactivation Of Beta-Catenin Transactivating Complex R-HSA-3769402,3/42,0.0083759680017322,0.4355503360900761,0,0,7.755886970172685,37.09166562800989,PYGO1;SOX9;YWHAZ
Reactome_2022,cGMP Effects R-HSA-418457,2/15,0.0094982098649534,0.4445162216798226,0,0,15.453338539632956,71.96081878806426,PDE2A;KCNMB4
Reactome_2022,Nitric Oxide Stimulates Guanylate Cyclase R-HSA-392154,2/21,0.0182690740502533,0.6174679946760167,0,0,10.57013091103393,42.307430877504046,PDE2A;KCNMB4
Reactome_2022,Potassium Channels R-HSA-1296071,4/102,0.018976693877274,0.6174679946760167,0,0,4.124123495552067,16.35026778433027,KCNH4;KCNS2;KCNMB4;GNB3
Reactome_2022,ADP Signaling Thru P2Y Purinoceptor 12 R-HSA-392170,2/22,0.0199660166716443,0.6174679946760167,0,0,10.041116751269035,39.29815577116402,GNB3;GNAI1
Reactome_2022,Triglyceride Catabolism R-HSA-163560,2/23,0.0217262363545119,0.6174679946760167,0,0,9.562484892434131,36.61699896978191,FABP4;FABP12
Reactome_2022,FGFR2 Alternative Splicing R-HSA-6803529,2/26,0.0273725272259804,0.6174679946760167,0,0,8.36590524534687,30.102329294298094,ESRP1;POLR2K
Reactome_2022,Costimulation By CD28 Family R-HSA-388841,3/68,0.0303259232336846,0.6174679946760167,0,0,4.647409733124019,16.246193635292954,HLA-DRA;HLA-DQA1;HLA-DRB1
Reactome_2022,"Adrenaline,noradrenaline Inhibits Insulin Secretion R-HSA-400042",2/28,0.031427757135691,0.6174679946760167,0,0,7.721593127684498,26.71720479255829,GNB3;GNAI1
Reactome_2022,Activation Of Kainate Receptors Upon Glutamate Binding R-HSA-451326,2/29,0.033538695374652,0.6174679946760167,0,0,7.435232186501222,25.24302534072076,GNB3;NCALD
Reactome_2022,Signaling By FGFR2 R-HSA-5654738,3/72,0.0350729106402792,0.6174679946760167,0,0,4.3771073646850045,14.664737585287144,FGF17;ESRP1;POLR2K
Reactome_2022,Neuronal System R-HSA-112316,8/386,0.0397869528428001,0.6174679946760167,0,0,2.152192581511953,6.939134269595193,KCNH4;KCNS2;KCNMB4;GNB3;SYN1;GNAI1;SHANK2;NCALD
Reactome_2022,Regulation Of Insulin Secretion R-HSA-422356,3/77,0.0415127487895442,0.6174679946760167,0,0,4.080322669608384,12.982585828171086,GNB3;CD36;GNAI1
Reactome_2022,Activation Of Matrix Metalloproteinases R-HSA-1592389,2/33,0.0425081059203081,0.6174679946760167,0,0,6.474537416079908,20.44698082871278,MMP16;MMP15
Reactome_2022,Signal Amplification R-HSA-392518,2/33,0.0425081059203081,0.6174679946760167,0,0,6.474537416079908,20.44698082871278,GNB3;GNAI1
Reactome_2022,FGFR2 Mutant Receptor Activation R-HSA-1839126,2/33,0.0425081059203081,0.6174679946760167,0,0,6.474537416079908,20.44698082871278,FGF17;POLR2K
Reactome_2022,TP53 Regulates Metabolic Genes R-HSA-5628897,3/81,0.04706244375861,0.6174679946760167,0,0,3.870290423861853,11.828691094567334,RRM2B;COX6C;YWHAZ
Reactome_2022,Platelet Homeostasis R-HSA-418346,3/83,0.0499675050480039,0.6174679946760167,0,0,3.7731505102040814,11.305801720464997,PDE2A;KCNMB4;GNB3
Reactome_2022,Cooperation Of PDCL (PhLP1) And TRiC/CCT In G-protein Beta Folding R-HSA-6814122,2/37,0.0522597803122533,0.6174679946760167,0,0,5.733430021754895,16.922380521764758,RGS9BP;GNB3
Reactome_2022,Triglyceride Metabolism R-HSA-8979227,2/37,0.0522597803122533,0.6174679946760167,0,0,5.733430021754895,16.922380521764758,FABP4;FABP12
Reactome_2022,Signaling By FGFR R-HSA-190236,3/86,0.0544850720835507,0.6174679946760167,0,0,3.63621834275879,10.580771844364897,FGF17;ESRP1;POLR2K
Reactome_2022,Scavenging By Class B Receptors R-HSA-3000471,1/6,0.0582413643818702,0.6174679946760167,0,0,19.9959595959596,56.85170145670892,CD36
Reactome_2022,Interferon Gamma Signaling R-HSA-877300,3/89,0.0591913505528313,0.6174679946760167,0,0,3.508839582344566,9.919418807725556,HLA-DRA;HLA-DQA1;HLA-DRB1
Reactome_2022,Chaperonin-mediated Protein Folding R-HSA-390466,3/90,0.0608013749129842,0.6174679946760167,0,0,3.468332160450387,9.711825592647497,CCNE2;RGS9BP;GNB3
Reactome_2022,Respiratory Electron Transport R-HSA-611105,3/90,0.0608013749129842,0.6174679946760167,0,0,3.468332160450387,9.711825592647497,UQCRB;NDUFAF6;COX6C
Reactome_2022,Class B/2 (Secretin Family Receptors) R-HSA-373080,3/92,0.0640824138814516,0.6174679946760167,0,0,3.390048154093098,9.314446498619215,FZD7;GNB3;PTH1R
Reactome_2022,Activation Of GABAB Receptors R-HSA-991365,2/42,0.0654364034918547,0.6174679946760167,0,0,5.015482233502538,13.675597778303723,GNB3;GNAI1
Reactome_2022,Signaling By FGFR2 In Disease R-HSA-5655253,2/42,0.0654364034918547,0.6174679946760167,0,0,5.015482233502538,13.675597778303723,FGF17;POLR2K
Reactome_2022,G Alpha (S) Signaling Events R-HSA-418555,4/153,0.0668000726842066,0.6174679946760167,0,0,2.7054895887110653,7.321193105580608,PDE2A;GNB3;PTH1R;GNAI1
Reactome_2022,Downstream TCR Signaling R-HSA-202424,3/94,0.0674437248747778,0.6174679946760167,0,0,3.315205202960305,8.939323971427326,HLA-DRA;HLA-DQA1;HLA-DRB1
Reactome_2022,Aryl Hydrocarbon Receptor Signaling R-HSA-8937144,1/7,0.0676146550098725,0.6174679946760167,0,0,16.662457912457914,44.88750406424524,AHR
Reactome_2022,FGFR3b Ligand Binding And Activation R-HSA-190371,1/7,0.0676146550098725,0.6174679946760167,0,0,16.662457912457914,44.88750406424524,FGF17
Reactome_2022,Nectin/Necl Trans Heterodimerization R-HSA-420597,1/7,0.0676146550098725,0.6174679946760167,0,0,16.662457912457914,44.88750406424524,PVR
Reactome_2022,GPER1 Signaling R-HSA-9634597,2/43,0.0681923684013087,0.6174679946760167,0,0,4.892905781849697,13.139519867376857,GNB3;GNAI1
Reactome_2022,Voltage Gated Potassium Channels R-HSA-1296072,2/43,0.0681923684013087,0.6174679946760167,0,0,4.892905781849697,13.139519867376857,KCNH4;KCNS2
Reactome_2022,Protein Folding R-HSA-391251,3/96,0.0708840107349906,0.6174679946760167,0,0,3.2435813034891376,8.584820334887983,CCNE2;RGS9BP;GNB3
Reactome_2022,Ca2+ Activated K+ Channels R-HSA-1296052,1/8,0.076895119183702,0.6174679946760167,0,0,14.281385281385282,36.63622152285677,KCNMB4
Reactome_2022,Cross-presentation Of Particulate Exogenous Antigens (Phagosomes) R-HSA-1236973,1/8,0.076895119183702,0.6174679946760167,0,0,14.281385281385282,36.63622152285677,CD36
Reactome_2022,Release Of Hh-Np From Secreting Cell R-HSA-5362798,1/8,0.076895119183702,0.6174679946760167,0,0,14.281385281385282,36.63622152285677,NOTUM
Reactome_2022,"Defective CHST14 Causes EDS, Musculocontractural Type R-HSA-3595174",1/8,0.076895119183702,0.6174679946760167,0,0,14.281385281385282,36.63622152285677,VCAN
Reactome_2022,Defective CHST3 Causes SEDCJD R-HSA-3595172,1/8,0.076895119183702,0.6174679946760167,0,0,14.281385281385282,36.63622152285677,VCAN
Reactome_2022,Defective CHSY1 Causes TPBS R-HSA-3595177,1/8,0.076895119183702,0.6174679946760167,0,0,14.281385281385282,36.63622152285677,VCAN
Reactome_2022,SHC-related Events Triggered By IGF1R R-HSA-2428933,1/8,0.076895119183702,0.6174679946760167,0,0,14.281385281385282,36.63622152285677,IGF2
Reactome_2022,G Alpha (Z) Signaling Events R-HSA-418597,2/47,0.079583812845262,0.6174679946760167,0,0,4.45707839819515,11.28061833889612,GNB3;GNAI1
Reactome_2022,Activation Of Ca-permeable Kainate Receptor R-HSA-451308,1/9,0.0860836712559613,0.6174679946760167,0,0,12.495580808080808,30.64460639331933,NCALD
Reactome_2022,Downregulation Of ERBB4 Signaling R-HSA-1253288,1/9,0.0860836712559613,0.6174679946760167,0,0,12.495580808080808,30.64460639331933,WWP1
Reactome_2022,GP1b-IX-V Activation Signaling R-HSA-430116,1/9,0.0860836712559613,0.6174679946760167,0,0,12.495580808080808,30.64460639331933,YWHAZ
Reactome_2022,Multifunctional Anion Exchangers R-HSA-427601,1/9,0.0860836712559613,0.6174679946760167,0,0,12.495580808080808,30.64460639331933,SLC26A7
Reactome_2022,Integration Of Energy Metabolism R-HSA-163685,3/105,0.0873058464639225,0.6174679946760167,0,0,2.956032412965186,7.207805714146243,GNB3;CD36;GNAI1
Reactome_2022,IRS-related Events Triggered By IGF1R R-HSA-2428928,2/51,0.0915163788061295,0.6174679946760167,0,0,4.092406505749508,9.785915162597869,FGF17;IGF2
Reactome_2022,IGF1R Signaling Cascade R-HSA-2428924,2/52,0.0945770177678021,0.6174679946760167,0,0,4.010355329949238,9.457784491175293,FGF17;IGF2
Reactome_2022,Signaling By Type 1 Insulin-like Growth Factor 1 Receptor (IGF1R) R-HSA-2404192,2/53,0.0976668508298126,0.6174679946760167,0,0,3.9315218473176072,9.145478887599912,FGF17;IGF2
Reactome_2022,Leishmania Infection R-HSA-9658195,5/247,0.1009743217401078,0.6174679946760167,0,0,2.0830493311749168,4.776200970111703,FZD7;WIPF3;GNB3;PTH1R;GNAI1
Reactome_2022,"Respiratory Electron Transport, ATP Synthesis By Chemiosmotic Coupling, Heat Production By Uncoupling Proteins R-HSA-163200",3/112,0.1010814275470483,0.6174679946760167,0,0,2.765212507021157,6.3373938652839374,UQCRB;NDUFAF6;COX6C
Reactome_2022,Dermatan Sulfate Biosynthesis R-HSA-2022923,1/11,0.1041886522177863,0.6174679946760167,0,0,9.995454545454546,22.605240812445,VCAN
Reactome_2022,Signaling By Activated Point Mutants Of FGFR1 R-HSA-1839122,1/11,0.1041886522177863,0.6174679946760167,0,0,9.995454545454546,22.605240812445,FGF17
Reactome_2022,Free Fatty Acids Regulate Insulin Secretion R-HSA-400451,1/11,0.1041886522177863,0.6174679946760167,0,0,9.995454545454546,22.605240812445,CD36
Reactome_2022,Killing Mechanisms R-HSA-9664420,1/11,0.1041886522177863,0.6174679946760167,0,0,9.995454545454546,22.605240812445,FZD7
Reactome_2022,NOTCH4 Activation And Transmission Of Signal To Nucleus R-HSA-9013700,1/11,0.1041886522177863,0.6174679946760167,0,0,9.995454545454546,22.605240812445,YWHAZ
Reactome_2022,"Platelet Activation, Signaling And Aggregation R-HSA-76002",5/254,0.1102083820635286,0.6174679946760167,0,0,2.0237651637477745,4.463175917776409,IGF2;GNB3;CD36;YWHAZ;GNAI1
Reactome_2022,Regulation Of Localization Of FOXO Transcription Factors R-HSA-9614399,1/12,0.113106865703127,0.6174679946760167,0,0,9.08631772268136,19.802922497358765,YWHAZ
Reactome_2022,Reversible Hydration Of Carbon Dioxide R-HSA-1475029,1/12,0.113106865703127,0.6174679946760167,0,0,9.08631772268136,19.802922497358765,CA3
Reactome_2022,FGFR1c Ligand Binding And Activation R-HSA-190373,1/12,0.113106865703127,0.6174679946760167,0,0,9.08631772268136,19.802922497358765,FGF17
Reactome_2022,FGFR3 Mutant Receptor Activation R-HSA-2033514,1/12,0.113106865703127,0.6174679946760167,0,0,9.08631772268136,19.802922497358765,FGF17
Reactome_2022,Glutathione Synthesis And Recycling R-HSA-174403,1/12,0.113106865703127,0.6174679946760167,0,0,9.08631772268136,19.802922497358765,GGCT
Reactome_2022,Transcriptional Regulation By RUNX2 R-HSA-8878166,3/119,0.1156627823327945,0.6174679946760167,0,0,2.597422589725545,5.602838892251843,HEY1;WWP1;SOX9
Reactome_2022,GABA Receptor Activation R-HSA-977443,2/59,0.1167708279631943,0.6174679946760167,0,0,3.516608780835337,7.552065055722513,GNB3;GNAI1
Reactome_2022,Adenylate Cyclase Inhibitory Pathway R-HSA-170670,1/13,0.1219367364067793,0.6174679946760167,0,0,8.328703703703704,17.525699111548082,GNAI1
Reactome_2022,Phospholipase C-mediated Cascade; FGFR3 R-HSA-5654227,1/13,0.1219367364067793,0.6174679946760167,0,0,8.328703703703704,17.525699111548082,FGF17
Reactome_2022,Chk1/Chk2(Cds1) Mediated Inactivation Of Cyclin B:Cdk1 Complex R-HSA-75035,1/13,0.1219367364067793,0.6174679946760167,0,0,8.328703703703704,17.525699111548082,YWHAZ
Reactome_2022,SARS-CoV-2 Targets Host Intracellular Signaling And Regulatory Pathways R-HSA-9755779,1/13,0.1219367364067793,0.6174679946760167,0,0,8.328703703703704,17.525699111548082,YWHAZ
Reactome_2022,Dissolution Of Fibrin Clot R-HSA-75205,1/13,0.1219367364067793,0.6174679946760167,0,0,8.328703703703704,17.525699111548082,SERPINB6
Reactome_2022,FGFR2c Ligand Binding And Activation R-HSA-190375,1/13,0.1219367364067793,0.6174679946760167,0,0,8.328703703703704,17.525699111548082,FGF17
Reactome_2022,FGFR3 Ligand Binding And Activation R-HSA-190239,1/13,0.1219367364067793,0.6174679946760167,0,0,8.328703703703704,17.525699111548082,FGF17
Reactome_2022,FGFRL1 Modulation Of FGFR1 Signaling R-HSA-5658623,1/13,0.1219367364067793,0.6174679946760167,0,0,8.328703703703704,17.525699111548082,FGF17
Reactome_2022,Transcriptional Regulation Of Testis Differentiation R-HSA-9690406,1/13,0.1219367364067793,0.6174679946760167,0,0,8.328703703703704,17.525699111548082,SOX9
Reactome_2022,Hemostasis R-HSA-109582,9/576,0.1220938142864677,0.6174679946760167,0,0,1.6068504594820383,3.379151176671478,CD74;PDE2A;IGF2;KCNMB4;GNB3;CD36;YWHAZ;GNAI1;SERPINB6
Reactome_2022,Signaling By FGFR In Disease R-HSA-1226099,2/61,0.123334275185294,0.6174679946760167,0,0,3.3970575582895983,7.1095554368610845,FGF17;POLR2K
Reactome_2022,Regulation Of IGF Transport And Uptake By IGFBPs R-HSA-381426,3/123,0.1243305137155366,0.6174679946760167,0,0,2.5103316326530614,5.233569075325351,VCAN;IGF2;NOTUM
Reactome_2022,CS/DS Degradation R-HSA-2024101,1/14,0.13067913499845,0.6174679946760167,0,0,7.687645687645688,15.64443824556026,VCAN
Reactome_2022,FGFR4 Ligand Binding And Activation R-HSA-190322,1/14,0.13067913499845,0.6174679946760167,0,0,7.687645687645688,15.64443824556026,FGF17
Reactome_2022,TP53 Regulates Transcription Of Genes Involved In G1 Cell Cycle Arrest R-HSA-6804116,1/14,0.13067913499845,0.6174679946760167,0,0,7.687645687645688,15.64443824556026,CCNE2
Reactome_2022,LGI-ADAM Interactions R-HSA-5682910,1/14,0.13067913499845,0.6174679946760167,0,0,7.687645687645688,15.64443824556026,ADAM11
Reactome_2022,FOXO-mediated Transcription R-HSA-9614085,2/65,0.136716898093326,0.6174679946760167,0,0,3.180726774635404,6.32914667986025,NPY;YWHAZ
Reactome_2022,Activation Of BAD And Translocation To Mitochondria R-HSA-111447,1/15,0.1393349236139555,0.6174679946760167,0,0,7.138167388167388,14.068433664554846,YWHAZ
Reactome_2022,Phospholipase C-mediated Cascade; FGFR4 R-HSA-5654228,1/15,0.1393349236139555,0.6174679946760167,0,0,7.138167388167388,14.068433664554846,FGF17
Reactome_2022,mRNA Decay By 5 To 3 Exoribonuclease R-HSA-430039,1/15,0.1393349236139555,0.6174679946760167,0,0,7.138167388167388,14.068433664554846,LSM5
Reactome_2022,ADORA2B Mediated Anti-Inflammatory Cytokine Production R-HSA-9660821,3/131,0.1423363458725556,0.6174679946760167,0,0,2.3524792729591835,4.58630511208588,GNB3;PTH1R;GNAI1
Reactome_2022,Transcriptional Regulation By TP53 R-HSA-3700989,6/354,0.1425776782595376,0.6174679946760167,0,0,1.73780596748258,3.385017185498663,CCNE2;RRM2B;TP53INP1;COX6C;YWHAZ;POLR2K
Reactome_2022,Sensory Processing Of Sound By Inner Hair Cells Of Cochlea R-HSA-9662360,2/67,0.1435243109857522,0.6174679946760167,0,0,3.082545880515424,5.983994790975864,EPS8;SYN1
Reactome_2022,Phospholipase C-mediated Cascade: FGFR1 R-HSA-5654219,1/16,0.1479049559232169,0.6174679946760167,0,0,6.661952861952862,12.732227053367785,FGF17
Reactome_2022,Rap1 Signaling R-HSA-392517,1/16,0.1479049559232169,0.6174679946760167,0,0,6.661952861952862,12.732227053367785,YWHAZ
Reactome_2022,FGFR1 Ligand Binding And Activation R-HSA-190242,1/16,0.1479049559232169,0.6174679946760167,0,0,6.661952861952862,12.732227053367785,FGF17
Reactome_2022,Aberrant Regulation Of Mitotic G1/S Transition In Cancer Due To RB1 Defects R-HSA-9659787,1/17,0.1563900772641042,0.6174679946760167,0,0,6.245265151515151,11.587476812427738,CCNE2
Reactome_2022,Activated Point Mutants Of FGFR2 R-HSA-2033519,1/17,0.1563900772641042,0.6174679946760167,0,0,6.245265151515151,11.587476812427738,FGF17
Reactome_2022,RNA Polymerase III Chain Elongation R-HSA-73780,1/17,0.1563900772641042,0.6174679946760167,0,0,6.245265151515151,11.587476812427738,POLR2K
Reactome_2022,SHC-mediated cascade:FGFR3 R-HSA-5654704,1/17,0.1563900772641042,0.6174679946760167,0,0,6.245265151515151,11.587476812427738,FGF17
Reactome_2022,GAB1 Signalosome R-HSA-180292,1/17,0.1563900772641042,0.6174679946760167,0,0,6.245265151515151,11.587476812427738,PAG1
Reactome_2022,TNF Receptor Superfamily (TNFSF) Members Mediating Non-Canonical NF-kB Pathway R-HSA-5676594,1/17,0.1563900772641042,0.6174679946760167,0,0,6.245265151515151,11.587476812427738,TNFRSF11A
Reactome_2022,KSRP (KHSRP) Binds And Destabilizes mRNA R-HSA-450604,1/17,0.1563900772641042,0.6174679946760167,0,0,6.245265151515151,11.587476812427738,YWHAZ
Reactome_2022,Metabolism Of Folate And Pterines R-HSA-196757,1/17,0.1563900772641042,0.6174679946760167,0,0,6.245265151515151,11.587476812427738,SLC25A32
Reactome_2022,MyD88 Deficiency (TLR2/4) R-HSA-5602498,1/17,0.1563900772641042,0.6174679946760167,0,0,6.245265151515151,11.587476812427738,CD36
Reactome_2022,Extra-nuclear Estrogen Signaling R-HSA-9009391,2/73,0.1643444744160239,0.6174679946760167,0,0,2.821191106027025,5.094480380830459,GNB3;GNAI1
Reactome_2022,PI-3K cascade:FGFR3 R-HSA-5654710,1/18,0.1647911246766456,0.6174679946760167,0,0,5.877599524658348,10.597761685556993,FGF17
Reactome_2022,Phospholipase C-mediated Cascade; FGFR2 R-HSA-5654221,1/18,0.1647911246766456,0.6174679946760167,0,0,5.877599524658348,10.597761685556993,FGF17
Reactome_2022,Regulation Of TLR By Endogenous Ligand R-HSA-5686938,1/18,0.1647911246766456,0.6174679946760167,0,0,5.877599524658348,10.597761685556993,CD36
Reactome_2022,Serotonin Neurotransmitter Release Cycle R-HSA-181429,1/18,0.1647911246766456,0.6174679946760167,0,0,5.877599524658348,10.597761685556993,SYN1
Reactome_2022,G Beta:Gamma Signaling Thru BTK R-HSA-8964315,1/18,0.1647911246766456,0.6174679946760167,0,0,5.877599524658348,10.597761685556993,GNB3
Reactome_2022,IRAK4 Deficiency (TLR2/4) R-HSA-5603041,1/18,0.1647911246766456,0.6174679946760167,0,0,5.877599524658348,10.597761685556993,CD36
Reactome_2022,Lewis Blood Group Biosynthesis R-HSA-9037629,1/18,0.1647911246766456,0.6174679946760167,0,0,5.877599524658348,10.597761685556993,FUT6
Reactome_2022,Signaling By WNT R-HSA-195721,5/294,0.1701374835598623,0.6174679946760167,0,0,1.7400920343880426,3.0819612955603137,PYGO1;FZD7;GNB3;SOX9;YWHAZ
Reactome_2022,Sensory Processing Of Sound R-HSA-9659379,2/75,0.1713997913037091,0.6174679946760167,0,0,2.743620054238231,4.839077677901367,EPS8;SYN1
Reactome_2022,Prostacyclin Signaling Thru Prostacyclin Receptor R-HSA-392851,1/19,0.1731089269969138,0.6174679946760167,0,0,5.550785634118967,9.735157941771709,GNB3
Reactome_2022,Defective C1GALT1C1 Causes TNPS R-HSA-5083632,1/19,0.1731089269969138,0.6174679946760167,0,0,5.550785634118967,9.735157941771709,C1GALT1
Reactome_2022,SHC-mediated cascade:FGFR4 R-HSA-5654719,1/19,0.1731089269969138,0.6174679946760167,0,0,5.550785634118967,9.735157941771709,FGF17
Reactome_2022,Signaling By FGFR2 IIIa TM R-HSA-8851708,1/19,0.1731089269969138,0.6174679946760167,0,0,5.550785634118967,9.735157941771709,POLR2K
Reactome_2022,FRS-mediated FGFR3 Signaling R-HSA-5654706,1/19,0.1731089269969138,0.6174679946760167,0,0,5.550785634118967,9.735157941771709,FGF17
Reactome_2022,Nicotinamide Salvaging R-HSA-197264,1/19,0.1731089269969138,0.6174679946760167,0,0,5.550785634118967,9.735157941771709,NUDT12
Reactome_2022,PI-3K cascade:FGFR4 R-HSA-5654720,1/20,0.1813443049449992,0.6174679946760167,0,0,5.258373205741627,8.977924599699485,FGF17
Reactome_2022,Chondroitin Sulfate Biosynthesis R-HSA-2022870,1/20,0.1813443049449992,0.6174679946760167,0,0,5.258373205741627,8.977924599699485,VCAN
Reactome_2022,Defective B3GALT6 Causes EDSP2 And SEMDJL1 R-HSA-4420332,1/20,0.1813443049449992,0.6174679946760167,0,0,5.258373205741627,8.977924599699485,VCAN
Reactome_2022,Defective B3GAT3 Causes JDSSDHD R-HSA-3560801,1/20,0.1813443049449992,0.6174679946760167,0,0,5.258373205741627,8.977924599699485,VCAN
Reactome_2022,"Defective B4GALT7 Causes EDS, Progeroid Type R-HSA-3560783",1/20,0.1813443049449992,0.6174679946760167,0,0,5.258373205741627,8.977924599699485,VCAN
Reactome_2022,SHC-mediated cascade:FGFR1 R-HSA-5654688,1/20,0.1813443049449992,0.6174679946760167,0,0,5.258373205741627,8.977924599699485,FGF17
Reactome_2022,FGFR2 Ligand Binding And Activation R-HSA-190241,1/20,0.1813443049449992,0.6174679946760167,0,0,5.258373205741627,8.977924599699485,FGF17
Reactome_2022,G Beta:Gamma Signaling Thru CDC42 R-HSA-8964616,1/20,0.1813443049449992,0.6174679946760167,0,0,5.258373205741627,8.977924599699485,GNB3
Reactome_2022,G Beta:Gamma Signaling Thru PLC Beta R-HSA-418217,1/20,0.1813443049449992,0.6174679946760167,0,0,5.258373205741627,8.977924599699485,GNB3
Reactome_2022,TP53 Regulates Transcription Of Genes Involved In Cytochrome C Release R-HSA-6803204,1/20,0.1813443049449992,0.6174679946760167,0,0,5.258373205741627,8.977924599699485,TP53INP1
Reactome_2022,NOTCH4 Intracellular Domain Regulates Transcription R-HSA-9013695,1/20,0.1813443049449992,0.6174679946760167,0,0,5.258373205741627,8.977924599699485,HEY1
Reactome_2022,G Alpha (12/13) Signaling Events R-HSA-416482,2/78,0.1820738958660049,0.6174679946760167,0,0,2.6349185145605127,4.488169093209171,FGD4;GNB3
Reactome_2022,PI-3K cascade:FGFR1 R-HSA-5654689,1/21,0.189498071208615,0.6201755057736492,0,0,4.99520202020202,8.308901317629394,FGF17
Reactome_2022,Presynaptic Function Of Kainate Receptors R-HSA-500657,1/21,0.189498071208615,0.6201755057736492,0,0,4.99520202020202,8.308901317629394,GNB3
Reactome_2022,Signaling By FGFR3 In Disease R-HSA-5655332,1/21,0.189498071208615,0.6201755057736492,0,0,4.99520202020202,8.308901317629394,FGF17
Reactome_2022,FRS-mediated FGFR4 Signaling R-HSA-5654712,1/21,0.189498071208615,0.6201755057736492,0,0,4.99520202020202,8.308901317629394,FGF17
Reactome_2022,"Synthesis, Secretion, And Inactivation Of Glucagon-like Peptide-1 (GLP-1) R-HSA-381771",1/21,0.189498071208615,0.6201755057736492,0,0,4.99520202020202,8.308901317629394,GNB3
Reactome_2022,Signaling By NOTCH4 R-HSA-9013694,2/81,0.1928434725924222,0.6205438946889292,0,0,2.5344727880228746,4.171429054624398,HEY1;YWHAZ
Reactome_2022,Blood Group Systems Biosynthesis R-HSA-9033658,1/22,0.1975710304615086,0.6205438946889292,0,0,4.757094757094757,7.714376542410185,FUT6
Reactome_2022,RNA Polymerase III Transcription Termination R-HSA-73980,1/22,0.1975710304615086,0.6205438946889292,0,0,4.757094757094757,7.714376542410185,POLR2K
Reactome_2022,SHC-mediated cascade:FGFR2 R-HSA-5654699,1/22,0.1975710304615086,0.6205438946889292,0,0,4.757094757094757,7.714376542410185,FGF17
Reactome_2022,FRS-mediated FGFR1 Signaling R-HSA-5654693,1/22,0.1975710304615086,0.6205438946889292,0,0,4.757094757094757,7.714376542410185,FGF17
Reactome_2022,Transcriptional Regulation Of White Adipocyte Differentiation R-HSA-381340,2/84,0.2036936543104731,0.6205438946889292,0,0,2.4413767487928686,3.8845675818873775,FABP4;CD36
Reactome_2022,Abortive Elongation Of HIV-1 Transcript In Absence Of Tat R-HSA-167242,1/23,0.2055639795020028,0.6205438946889292,0,0,4.540633608815427,7.183273095921704,POLR2K
Reactome_2022,PI-3K cascade:FGFR2 R-HSA-5654695,1/23,0.2055639795020028,0.6205438946889292,0,0,4.540633608815427,7.183273095921704,FGF17
Reactome_2022,Dopamine Neurotransmitter Release Cycle R-HSA-212676,1/23,0.2055639795020028,0.6205438946889292,0,0,4.540633608815427,7.183273095921704,SYN1
Reactome_2022,Miscellaneous Transport And Binding Events R-HSA-5223345,1/23,0.2055639795020028,0.6205438946889292,0,0,4.540633608815427,7.183273095921704,NIPAL2
Reactome_2022,RUNX2 Regulates Osteoblast Differentiation R-HSA-8940973,1/24,0.213477707360935,0.6205438946889292,0,0,4.342995169082125,6.706552451090786,HEY1
Reactome_2022,Downstream Signaling Of Activated FGFR3 R-HSA-5654708,1/24,0.213477707360935,0.6205438946889292,0,0,4.342995169082125,6.706552451090786,FGF17
Reactome_2022,FRS-mediated FGFR2 Signaling R-HSA-5654700,1/24,0.213477707360935,0.6205438946889292,0,0,4.342995169082125,6.706552451090786,FGF17
Reactome_2022,G-protein Activation R-HSA-202040,1/24,0.213477707360935,0.6205438946889292,0,0,4.342995169082125,6.706552451090786,GNB3
Reactome_2022,Thromboxane Signaling Thru TP Receptor R-HSA-428930,1/24,0.213477707360935,0.6205438946889292,0,0,4.342995169082125,6.706552451090786,GNB3
Reactome_2022,"Incretin Synthesis, Secretion, And Inactivation R-HSA-400508",1/24,0.213477707360935,0.6205438946889292,0,0,4.342995169082125,6.706552451090786,GNB3
Reactome_2022,Xenobiotics R-HSA-211981,1/24,0.213477707360935,0.6205438946889292,0,0,4.342995169082125,6.706552451090786,AHR
Reactome_2022,MicroRNA (miRNA) Biogenesis R-HSA-203927,1/24,0.213477707360935,0.6205438946889292,0,0,4.342995169082125,6.706552451090786,POLR2K
Reactome_2022,Opioid Signaling R-HSA-111885,2/88,0.2182617224197093,0.6241623452110964,0,0,2.327352142604179,3.5423704743065705,GNB3;GNAI1
Reactome_2022,ADP Signaling Thru P2Y Purinoceptor 1 R-HSA-418592,1/25,0.2213129952523347,0.6241623452110964,0,0,4.1618265993266,6.276772450735938,GNB3
Reactome_2022,G Beta:Gamma Signaling Thru PI3Kgamma R-HSA-392451,1/25,0.2213129952523347,0.6241623452110964,0,0,4.1618265993266,6.276772450735938,GNB3
Reactome_2022,NOTCH3 Intracellular Domain Regulates Transcription R-HSA-9013508,1/25,0.2213129952523347,0.6241623452110964,0,0,4.1618265993266,6.276772450735938,HEY1
Reactome_2022,Citric Acid (TCA) Cycle And Respiratory Electron Transport R-HSA-1428517,3/163,0.2213909173184658,0.6241623452110964,0,0,1.878922193877551,2.8330863894779914,UQCRB;NDUFAF6;COX6C
Reactome_2022,Anti-inflammatory Response Favoring Leishmania Infection R-HSA-9662851,3/165,0.2266109438830503,0.6294007770668979,0,0,1.855536659108088,2.754582460396329,GNB3;PTH1R;GNAI1
Reactome_2022,GAG Synthesis Requires Tetrasaccharide Linker Sequence R-HSA-1971475,1/26,0.2290706167765272,0.6294007770668979,0,0,3.995151515151515,5.8877544779398665,VCAN
Reactome_2022,RNA Polymerase III Transcription Initiation From Type 2 Promoter R-HSA-76066,1/26,0.2290706167765272,0.6294007770668979,0,0,3.995151515151515,5.8877544779398665,POLR2K
Reactome_2022,Downstream Signaling Of Activated FGFR4 R-HSA-5654716,1/26,0.2290706167765272,0.6294007770668979,0,0,3.995151515151515,5.8877544779398665,FGF17
Reactome_2022,Transmission Across Chemical Synapses R-HSA-112315,4/246,0.2299733608513665,0.6294007770668979,0,0,1.657893621529985,2.436758448791572,GNB3;SYN1;GNAI1;NCALD
Reactome_2022,RNA Pol II CTD Phosphorylation And Interaction With CE R-HSA-77075,1/27,0.2367513379608439,0.6295433304867895,0,0,3.8412975912975913,5.534329897012579,POLR2K
Reactome_2022,RNA Polymerase III Transcription Initiation From Type 1 Promoter R-HSA-76061,1/27,0.2367513379608439,0.6295433304867895,0,0,3.8412975912975913,5.534329897012579,POLR2K
Reactome_2022,RNA Polymerase III Transcription Initiation From Type 3 Promoter R-HSA-76071,1/27,0.2367513379608439,0.6295433304867895,0,0,3.8412975912975913,5.534329897012579,POLR2K
Reactome_2022,Endogenous Sterols R-HSA-211976,1/27,0.2367513379608439,0.6295433304867895,0,0,3.8412975912975913,5.534329897012579,AHR
Reactome_2022,G0 And Early G1 R-HSA-1538133,1/27,0.2367513379608439,0.6295433304867895,0,0,3.8412975912975913,5.534329897012579,CCNE2
Reactome_2022,Interconversion Of Nucleotide Di- And Triphosphates R-HSA-499943,1/28,0.244355917230516,0.6337754272282566,0,0,3.69884025439581,5.212144693924965,RRM2B
Reactome_2022,Signaling By GPCR R-HSA-372790,9/689,0.2489232652774273,0.6337754272282566,0,0,1.3319582043343654,1.8522351998203423,FGD4;RGS9BP;FZD7;NPY;GPR65;PDE2A;GNB3;PTH1R;GNAI1
Reactome_2022,PIWI-interacting RNA (piRNA) Biogenesis R-HSA-5601884,1/29,0.2518851056932815,0.6337754272282566,0,0,3.566558441558441,4.917507384453618,POLR2K
Reactome_2022,Activation Of G Protein Gated Potassium Channels R-HSA-1296041,1/29,0.2518851056932815,0.6337754272282566,0,0,3.566558441558441,4.917507384453618,GNB3
Reactome_2022,Adherens Junctions Interactions R-HSA-418990,1/29,0.2518851056932815,0.6337754272282566,0,0,3.566558441558441,4.917507384453618,PVR
Reactome_2022,Dectin-2 Family R-HSA-5621480,1/29,0.2518851056932815,0.6337754272282566,0,0,3.566558441558441,4.917507384453618,CLEC4A
Reactome_2022,Downstream Signaling Of Activated FGFR2 R-HSA-5654696,1/29,0.2518851056932815,0.6337754272282566,0,0,3.566558441558441,4.917507384453618,FGF17
Reactome_2022,"FOXO-mediated Transcription Of Oxidative Stress, Metabolic And Neuronal Genes R-HSA-9615017",1/29,0.2518851056932815,0.6337754272282566,0,0,3.566558441558441,4.917507384453618,NPY
Reactome_2022,mRNA Capping R-HSA-72086,1/29,0.2518851056932815,0.6337754272282566,0,0,3.566558441558441,4.917507384453618,POLR2K
Reactome_2022,Negative Regulation Of FGFR3 Signaling R-HSA-5654732,1/29,0.2518851056932815,0.6337754272282566,0,0,3.566558441558441,4.917507384453618,FGF17
Reactome_2022,Activation Of BH3-only Proteins R-HSA-114452,1/30,0.2593396469689545,0.638794498849846,0,0,3.4433995123650294,4.647269480219039,YWHAZ
Reactome_2022,RNA Polymerase I Transcription Termination R-HSA-73863,1/30,0.2593396469689545,0.638794498849846,0,0,3.4433995123650294,4.647269480219039,POLR2K
Reactome_2022,Downstream Signaling Of Activated FGFR1 R-HSA-5654687,1/30,0.2593396469689545,0.638794498849846,0,0,3.4433995123650294,4.647269480219039,FGF17
Reactome_2022,FGFR1 Mutant Receptor Activation R-HSA-1839124,1/30,0.2593396469689545,0.638794498849846,0,0,3.4433995123650294,4.647269480219039,FGF17
Reactome_2022,Pausing And Recovery Of Tat-mediated HIV Elongation R-HSA-167238,1/31,0.266720277449934,0.6389851981846068,0,0,3.3284511784511785,4.39873069718801,POLR2K
Reactome_2022,RUNX2 Regulates Bone Development R-HSA-8941326,1/31,0.266720277449934,0.6389851981846068,0,0,3.3284511784511785,4.39873069718801,HEY1
Reactome_2022,Diseases Associated With TLR Signaling Cascade R-HSA-5602358,1/31,0.266720277449934,0.6389851981846068,0,0,3.3284511784511785,4.39873069718801,CD36
Reactome_2022,Negative Regulation Of FGFR4 Signaling R-HSA-5654733,1/31,0.266720277449934,0.6389851981846068,0,0,3.3284511784511785,4.39873069718801,FGF17
Reactome_2022,Nicotinate Metabolism R-HSA-196807,1/31,0.266720277449934,0.6389851981846068,0,0,3.3284511784511785,4.39873069718801,NUDT12
Reactome_2022,Neurotransmitter Receptors And Postsynaptic Signal Transmission R-HSA-112314,3/182,0.2717945175683851,0.6389851981846068,0,0,1.677858853038422,2.1857617418351856,GNB3;GNAI1;NCALD
Reactome_2022,G-protein Beta:Gamma Signaling R-HSA-397795,1/32,0.2740277262885028,0.6389851981846068,0,0,3.220918866080156,4.169563173771413,GNB3
Reactome_2022,Glucagon Signaling In Metabolic Regulation R-HSA-163359,1/32,0.2740277262885028,0.6389851981846068,0,0,3.220918866080156,4.169563173771413,GNB3
Reactome_2022,Thrombin Signaling Thru Proteinase Activated Receptors (PARs) R-HSA-456926,1/32,0.2740277262885028,0.6389851981846068,0,0,3.220918866080156,4.169563173771413,GNB3
Reactome_2022,"Inactivation, Recovery And Regulation Of Phototransduction Cascade R-HSA-2514859",1/32,0.2740277262885028,0.6389851981846068,0,0,3.220918866080156,4.169563173771413,RGS9BP
Reactome_2022,GPCR Downstream Signaling R-HSA-388396,8/619,0.2756753681533621,0.6389851981846068,0,0,1.315498581845914,1.6950611081759113,FGD4;RGS9BP;NPY;GPR65;PDE2A;GNB3;PTH1R;GNAI1
Reactome_2022,Formation Of Early Elongation Complex R-HSA-113418,1/33,0.2812627154402329,0.6389851981846068,0,0,3.120107323232323,3.957750417901345,POLR2K
Reactome_2022,Glucagon-type Ligand Receptors R-HSA-420092,1/33,0.2812627154402329,0.6389851981846068,0,0,3.120107323232323,3.957750417901345,GNB3
Reactome_2022,Phototransduction Cascade R-HSA-2514856,1/33,0.2812627154402329,0.6389851981846068,0,0,3.120107323232323,3.957750417901345,RGS9BP
Reactome_2022,HIV Elongation Arrest And Recovery R-HSA-167287,1/33,0.2812627154402329,0.6389851981846068,0,0,3.120107323232323,3.957750417901345,POLR2K
Reactome_2022,Negative Regulation Of FGFR1 Signaling R-HSA-5654726,1/33,0.2812627154402329,0.6389851981846068,0,0,3.120107323232323,3.957750417901345,FGF17
Reactome_2022,Post-translational Protein Phosphorylation R-HSA-8957275,2/106,0.284494637264486,0.6427778534091052,0,0,1.922784068723155,2.4170181687200243,VCAN;NOTUM
Reactome_2022,ESR-mediated Signaling R-HSA-8939211,3/188,0.2879905566833647,0.6427778534091052,0,0,1.6229453943739658,2.0202872018340323,GNB3;GNAI1;POLR2K
Reactome_2022,Synthesis Of Bile Acids And Bile Salts R-HSA-192105,1/34,0.28842595986306,0.6427778534091052,0,0,3.025405570860116,3.761537767378229,OSBPL3
Reactome_2022,Negative Regulation Of FGFR2 Signaling R-HSA-5654727,1/34,0.28842595986306,0.6427778534091052,0,0,3.025405570860116,3.761537767378229,FGF17
Reactome_2022,Beta Defensins R-HSA-1461957,1/35,0.2955181673902272,0.6463124750052165,0,0,2.9362745098039214,3.579391928184546,DEFB1
Reactome_2022,RNA Polymerase III Transcription Initiation R-HSA-76046,1/35,0.2955181673902272,0.6463124750052165,0,0,2.9362745098039214,3.579391928184546,POLR2K
Reactome_2022,Inwardly Rectifying K+ Channels R-HSA-1296065,1/35,0.2955181673902272,0.6463124750052165,0,0,2.9362745098039214,3.579391928184546,GNB3
Reactome_2022,Degradation Of Extracellular Matrix R-HSA-1474228,2/109,0.295536046263069,0.6463124750052165,0,0,1.8685895915366004,2.2777443128836863,MMP16;MMP15
Reactome_2022,Generic Transcription Pathway R-HSA-212436,14/1190,0.297301414959671,0.6465239189413586,0,0,1.1985199485199485,1.4538152320930535,WWP1;COX6C;YWHAZ;ZNF706;CCNE2;HEY1;RRM2B;NPY;TP53INP1;ZNF711;SOX9;ZNF454;POLR2K;VENTX
Reactome_2022,Aberrant Regulation Of Mitotic Cell Cycle Due To RB1 Defects R-HSA-9687139,1/36,0.3025400389917896,0.6465239189413586,0,0,2.852236652236652,3.409967713310379,CCNE2
Reactome_2022,RHO GTPases Activate WASPs And WAVEs R-HSA-5663213,1/36,0.3025400389917896,0.6465239189413586,0,0,2.852236652236652,3.409967713310379,WIPF3
Reactome_2022,Signaling By FGFR1 In Disease R-HSA-5655302,1/36,0.3025400389917896,0.6465239189413586,0,0,2.852236652236652,3.409967713310379,FGF17
Reactome_2022,Glutathione Conjugation R-HSA-156590,1/36,0.3025400389917896,0.6465239189413586,0,0,2.852236652236652,3.409967713310379,GGCT
Reactome_2022,TCF Dependent Signaling In Response To WNT R-HSA-201681,3/198,0.3151311569319237,0.6598758905726468,0,0,1.5389324960753532,1.7771074700111746,PYGO1;SOX9;YWHAZ
Reactome_2022,Association Of TriC/CCT With Target Proteins During Biosynthesis R-HSA-390471,1/38,0.316375543776663,0.6598758905726468,0,0,2.697788697788698,3.1046835990114765,CCNE2
Reactome_2022,Diseases Of Mitotic Cell Cycle R-HSA-9675126,1/38,0.316375543776663,0.6598758905726468,0,0,2.697788697788698,3.1046835990114765,CCNE2
Reactome_2022,Interferon Signaling R-HSA-913531,3/200,0.3205706039021544,0.6598758905726468,0,0,1.5231534238060709,1.732819656735889,HLA-DRA;HLA-DRB1;HLA-DQA1
Reactome_2022,PPARA Activates Gene Expression R-HSA-1989781,2/116,0.3211906259961067,0.6598758905726468,0,0,1.753228248285689,1.9911772305965656,AHR;CD36
Reactome_2022,Signaling By FGFR3 R-HSA-5654741,1/39,0.3231905447052616,0.6598758905726468,0,0,2.626661350345561,2.966848688176185,FGF17
Reactome_2022,Transcriptional Regulation By VENTX R-HSA-8853884,1/39,0.3231905447052616,0.6598758905726468,0,0,2.626661350345561,2.966848688176185,VENTX
Reactome_2022,Class I MHC Mediated Antigen Processing And Presentation R-HSA-983169,5/378,0.3238982183463912,0.6598758905726468,0,0,1.3424172908432603,1.5133418523257622,ZNRF2;WWP1;UBE2E2;CD36;KLHL13
Reactome_2022,Regulation Of Lipid Metabolism By PPARalpha R-HSA-400206,2/118,0.3284820423121856,0.6598758905726468,0,0,1.7228251356555224,1.917974893773508,AHR;CD36
Reactome_2022,Extracellular Matrix Organization R-HSA-1474244,4/291,0.3290455743064043,0.6598758905726468,0,0,1.394728848387385,1.5503234236260668,COL28A1;VCAN;MMP16;MMP15
Reactome_2022,RET Signaling R-HSA-8853659,1/40,0.3299379452863234,0.6598758905726468,0,0,2.559181559181559,2.8377502295216157,DOK4
Reactome_2022,RNA Polymerase III Abortive And Retractive Initiation R-HSA-749476,1/40,0.3299379452863234,0.6598758905726468,0,0,2.559181559181559,2.8377502295216157,POLR2K
Reactome_2022,Collagen Degradation R-HSA-1442490,1/40,0.3299379452863234,0.6598758905726468,0,0,2.559181559181559,2.8377502295216157,MMP15
Reactome_2022,Diseases Associated With Glycosaminoglycan Metabolism R-HSA-3560782,1/40,0.3299379452863234,0.6598758905726468,0,0,2.559181559181559,2.8377502295216157,VCAN
Reactome_2022,Signaling By FGFR4 R-HSA-5654743,1/40,0.3299379452863234,0.6598758905726468,0,0,2.559181559181559,2.8377502295216157,FGF17
Reactome_2022,Binding And Uptake Of Ligands By Scavenger Receptors R-HSA-2173782,1/41,0.3366184127102024,0.6647148402885009,0,0,2.4950757575757576,2.716651700443948,CD36
Reactome_2022,Carboxyterminal Post-Translational Modifications Of Tubulin R-HSA-8955332,1/41,0.3366184127102024,0.6647148402885009,0,0,2.4950757575757576,2.716651700443948,TTLL2
Reactome_2022,"Sensory Perception Of Sweet, Bitter, And Umami (Glutamate) Taste R-HSA-9717207",1/41,0.3366184127102024,0.6647148402885009,0,0,2.4950757575757576,2.716651700443948,GNB3
Reactome_2022,Metabolism Of Water-Soluble Vitamins And Cofactors R-HSA-196849,2/122,0.3429996501443527,0.6665263916336054,0,0,1.6650592216582063,1.781656411958973,SLC25A32;NUDT12
Reactome_2022,RND1 GTPase Cycle R-HSA-9696273,1/42,0.3432326076574762,0.6665263916336054,0,0,2.434097068243409,2.6028941669423,STMN2
Reactome_2022,Glucagon-like Peptide-1 (GLP1) Regulates Insulin Secretion R-HSA-381676,1/42,0.3432326076574762,0.6665263916336054,0,0,2.434097068243409,2.6028941669423,GNB3
Reactome_2022,Vasopressin Regulates Renal Water Homeostasis Via Aquaporins R-HSA-432040,1/42,0.3432326076574762,0.6665263916336054,0,0,2.434097068243409,2.6028941669423,GNB3
Reactome_2022,Defensins R-HSA-1461973,1/43,0.3497811842718864,0.672306136474583,0,0,2.376022126022126,2.495886520768693,DEFB1
Reactome_2022,Formation Of HIV-1 Elongation Complex Containing HIV-1 Tat R-HSA-167200,1/43,0.3497811842718864,0.672306136474583,0,0,2.376022126022126,2.495886520768693,POLR2K
Reactome_2022,Platelet Degranulation R-HSA-114608,2/125,0.3538230496251335,0.672306136474583,0,0,1.6242004044405929,1.6874765732998165,IGF2;CD36
Reactome_2022,PI3K Cascade R-HSA-109704,1/44,0.3562647902685824,0.672306136474583,0,0,2.320648343904158,2.395097137030518,FGF17
Reactome_2022,Collagen Chain Trimerization R-HSA-8948216,1/44,0.3562647902685824,0.672306136474583,0,0,2.320648343904158,2.395097137030518,COL28A1
Reactome_2022,TP53 Regulates Transcription Of Cell Death Genes R-HSA-5633008,1/44,0.3562647902685824,0.672306136474583,0,0,2.320648343904158,2.395097137030518,TP53INP1
Reactome_2022,"Interleukin-3, Interleukin-5 And GM-CSF Signaling R-HSA-512988",1/44,0.3562647902685824,0.672306136474583,0,0,2.320648343904158,2.395097137030518,YWHAZ
Reactome_2022,Bile Acid And Bile Salt Metabolism R-HSA-194068,1/45,0.3626840669891462,0.677081601534763,0,0,2.267791551882461,2.3000467197656045,OSBPL3
Reactome_2022,Formation Of HIV Elongation Complex In Absence Of HIV Tat R-HSA-167152,1/45,0.3626840669891462,0.677081601534763,0,0,2.267791551882461,2.3000467197656045,POLR2K
Reactome_2022,Antigen Processing: Ubiquitination And Proteasome Degradation R-HSA-983168,4/307,0.3651422405159084,0.677081601534763,0,0,1.31999661504612,1.3298547474418745,ZNRF2;WWP1;UBE2E2;KLHL13
Reactome_2022,RNA Polymerase I Transcription Initiation R-HSA-73762,1/46,0.3690396495818915,0.677081601534763,0,0,2.217283950617284,2.210302143128026,POLR2K
Reactome_2022,HIV Transcription Initiation R-HSA-167161,1/46,0.3690396495818915,0.677081601534763,0,0,2.217283950617284,2.210302143128026,POLR2K
Reactome_2022,Response To Elevated Platelet Cytosolic Ca2+ R-HSA-76005,2/130,0.3717204431900336,0.677081601534763,0,0,1.560358502538071,1.5441513771247333,IGF2;CD36
Reactome_2022,Signaling By Receptor Tyrosine Kinases R-HSA-9006934,6/496,0.3724353124164241,0.677081601534763,0,0,1.2251876916569735,1.210107976408939,FGF17;ESRP1;IGF2;WWP1;PAG1;POLR2K
Reactome_2022,Cyclin D Associated Events In G1 R-HSA-69231,1/47,0.3753321668047865,0.677081601534763,0,0,2.16897233201581,2.125471134311862,CCNE2
Reactome_2022,Sensory Perception Of Taste R-HSA-9717189,1/47,0.3753321668047865,0.677081601534763,0,0,2.16897233201581,2.125471134311862,GNB3
Reactome_2022,IRS-mediated Signaling R-HSA-112399,1/47,0.3753321668047865,0.677081601534763,0,0,2.16897233201581,2.125471134311862,FGF17
Reactome_2022,Viral Messenger RNA Synthesis R-HSA-168325,1/47,0.3753321668047865,0.677081601534763,0,0,2.16897233201581,2.125471134311862,POLR2K
Reactome_2022,G Alpha (I) Signaling Events R-HSA-418594,4/312,0.376421503959844,0.677081601534763,0,0,1.2982350982350983,1.2684350752317526,RGS9BP;NPY;GNB3;GNAI1
Reactome_2022,Immune System R-HSA-168256,21/1943,0.3783580528287283,0.677081601534763,0,0,1.0974610950671702,1.0666381341798414,CD74;WIPF3;WWP1;UBE2E2;DEFB1;TNFRSF11A;KLHL13;PVR;YWHAZ;SERPINB6;CLEC4A;HLA-DMA;ZNRF2;HLA-DMB;HLA-DRA;CD36;HLA-DRB1;HLA-DQA1;PAG1;CD101;POLR2K
Reactome_2022,Inhibition Of DNA Recombination At Telomere R-HSA-9670095,1/48,0.3815622413737249,0.677081601534763,0,0,2.122716526971846,2.0451976629877238,POLR2K
Reactome_2022,NOTCH1 Intracellular Domain Regulates Transcription R-HSA-2122947,1/48,0.3815622413737249,0.677081601534763,0,0,2.122716526971846,2.0451976629877238,HEY1
Reactome_2022,Signaling By EGFR R-HSA-177929,1/49,0.3877304897677703,0.677081601534763,0,0,2.078388047138047,1.969157936659925,PAG1
Reactome_2022,Signaling By FGFR1 R-HSA-5654736,1/49,0.3877304897677703,0.677081601534763,0,0,2.078388047138047,1.969157936659925,FGF17
Reactome_2022,Signaling By NOTCH3 R-HSA-9012852,1/49,0.3877304897677703,0.677081601534763,0,0,2.078388047138047,1.969157936659925,HEY1
Reactome_2022,TP53 Regulates Transcription Of Cell Cycle Genes R-HSA-6791312,1/49,0.3877304897677703,0.677081601534763,0,0,2.078388047138047,1.969157936659925,CCNE2
Reactome_2022,mRNA Splicing - Minor Pathway R-HSA-72165,1/49,0.3877304897677703,0.677081601534763,0,0,2.078388047138047,1.969157936659925,POLR2K
Reactome_2022,Aquaporin-mediated Transport R-HSA-445717,1/50,0.3938375225272607,0.6776322078777868,0,0,2.03586889301175,1.897056906545971,GNB3
Reactome_2022,Chondroitin Sulfate/Dermatan Sulfate Metabolism R-HSA-1793185,1/50,0.3938375225272607,0.6776322078777868,0,0,2.03586889301175,1.897056906545971,VCAN
Reactome_2022,Regulation Of Ornithine Decarboxylase (ODC) R-HSA-350562,1/50,0.3938375225272607,0.6776322078777868,0,0,2.03586889301175,1.897056906545971,AZIN1
Reactome_2022,Neurotransmitter Release Cycle R-HSA-112310,1/50,0.3938375225272607,0.6776322078777868,0,0,2.03586889301175,1.897056906545971,SYN1
Reactome_2022,Complex I Biogenesis R-HSA-6799198,1/51,0.3998839441197969,0.6830134520002371,0,0,1.995050505050505,1.828625214743628,NDUFAF6
Reactome_2022,Translocation Of SLC2A4 (GLUT4) To Plasma Membrane R-HSA-1445148,1/51,0.3998839441197969,0.6830134520002371,0,0,1.995050505050505,1.828625214743628,YWHAZ
Reactome_2022,Formation Of TC-NER Pre-Incision Complex R-HSA-6781823,1/52,0.4058703530257394,0.6882149464349494,0,0,1.9558328381857797,1.7636165164891364,POLR2K
Reactome_2022,G-protein Mediated Events R-HSA-112040,1/52,0.4058703530257394,0.6882149464349494,0,0,1.9558328381857797,1.7636165164891364,GNAI1
Reactome_2022,Sensory Processing Of Sound By Outer Hair Cells Of Cochlea R-HSA-9662361,1/53,0.4117973419940383,0.6882898430471783,0,0,1.918123543123543,1.7018051254443376,EPS8
Reactome_2022,Heparan Sulfate/Heparin (HS-GAG) Metabolism R-HSA-1638091,1/53,0.4117973419940383,0.6882898430471783,0,0,1.918123543123543,1.7018051254443376,VCAN
Reactome_2022,Insulin Receptor Signaling Cascade R-HSA-74751,1/53,0.4117973419940383,0.6882898430471783,0,0,1.918123543123543,1.7018051254443376,FGF17
Reactome_2022,Negative Regulation Of NOTCH4 Signaling R-HSA-9604323,1/53,0.4117973419940383,0.6882898430471783,0,0,1.918123543123543,1.7018051254443376,YWHAZ
Reactome_2022,Beta-catenin Independent WNT Signaling R-HSA-3858494,2/142,0.4138174996198827,0.6892049459861391,0,0,1.4257432922407542,1.25797639915306,FZD7;GNB3
Reactome_2022,Diseases Of Glycosylation R-HSA-3781865,2/143,0.4172642045602178,0.6924810203339784,0,0,1.4155596356697988,1.2372496198757528,VCAN;C1GALT1
Reactome_2022,ECM Proteoglycans R-HSA-3000178,1/55,0.4234754016461003,0.6953911858609648,0,0,1.8468948746726523,1.5869626130826735,VCAN
Reactome_2022,Golgi Associated Vesicle Biogenesis R-HSA-432722,1/55,0.4234754016461003,0.6953911858609648,0,0,1.8468948746726523,1.5869626130826735,TPD52
Reactome_2022,Intrinsic Pathway For Apoptosis R-HSA-109606,1/55,0.4234754016461003,0.6953911858609648,0,0,1.8468948746726523,1.5869626130826735,YWHAZ
Reactome_2022,Deadenylation-dependent mRNA Decay R-HSA-429914,1/56,0.4292276287799875,0.6983122212538514,0,0,1.813223140495868,1.5335659233397565,LSM5
Reactome_2022,RNA Polymerase II Transcription R-HSA-73857,14/1312,0.4330913356113348,0.6983122212538514,0,0,1.078757339774289,0.9027113010713376,WWP1;COX6C;YWHAZ;ZNF706;CCNE2;HEY1;RRM2B;NPY;TP53INP1;ZNF711;SOX9;ZNF454;POLR2K;VENTX
Reactome_2022,Cytoprotection By HMOX1 R-HSA-9707564,1/57,0.4349227488724446,0.6983122212538514,0,0,1.780753968253968,1.4826323414399043,COX6C
Reactome_2022,Signaling By ERBB4 R-HSA-1236394,1/57,0.4349227488724446,0.6983122212538514,0,0,1.780753968253968,1.4826323414399043,WWP1
Reactome_2022,NRAGE Signals Death Thru JNK R-HSA-193648,1/57,0.4349227488724446,0.6983122212538514,0,0,1.780753968253968,1.4826323414399043,FGD4
Reactome_2022,Neurexins And Neuroligins R-HSA-6794361,1/57,0.4349227488724446,0.6983122212538514,0,0,1.780753968253968,1.4826323414399043,SHANK2
Reactome_2022,CDC42 GTPase Cycle R-HSA-9013148,2/149,0.4377262694907897,0.6983122212538514,0,0,1.3573673124071963,1.1214046413003085,FGD4;WIPF3
Reactome_2022,Constitutive Signaling By NOTCH1 HD+PEST Domain Mutants R-HSA-2894862,1/58,0.4405613261457765,0.6983122212538514,0,0,1.7494240652135389,1.434012744834279,HEY1
Reactome_2022,Formation Of RNA Pol II Elongation Complex R-HSA-112382,1/58,0.4405613261457765,0.6983122212538514,0,0,1.7494240652135389,1.434012744834279,POLR2K
Reactome_2022,Metabolism Of Polyamines R-HSA-351202,1/58,0.4405613261457765,0.6983122212538514,0,0,1.7494240652135389,1.434012744834279,AZIN1
Reactome_2022,O-linked Glycosylation Of Mucins R-HSA-913709,1/59,0.446143919134405,0.6983122212538514,0,0,1.7191745036572623,1.3875692780414532,C1GALT1
Reactome_2022,B-WICH Complex Positively Regulates rRNA Expression R-HSA-5250924,1/59,0.446143919134405,0.6983122212538514,0,0,1.7191745036572623,1.3875692780414532,POLR2K
Reactome_2022,RNA Polymerase I Promoter Escape R-HSA-73772,1/59,0.446143919134405,0.6983122212538514,0,0,1.7191745036572623,1.3875692780414532,POLR2K
Reactome_2022,SCF(Skp2)-mediated Degradation Of P27/P21 R-HSA-187577,1/59,0.446143919134405,0.6983122212538514,0,0,1.7191745036572623,1.3875692780414532,CCNE2
Reactome_2022,FCGR3A-mediated Phagocytosis R-HSA-9664422,1/60,0.4516710808360887,0.6983183432687335,0,0,1.6899503509673002,1.343174332519093,WIPF3
Reactome_2022,Formation Of beta-catenin:TCF Transactivating Complex R-HSA-201722,1/60,0.4516710808360887,0.6983183432687335,0,0,1.6899503509673002,1.343174332519093,PYGO1
Reactome_2022,rRNA Modification In Nucleus And Cytosol R-HSA-6790901,1/60,0.4516710808360887,0.6983183432687335,0,0,1.6899503509673002,1.343174332519093,DCAF13
Reactome_2022,Ca2+ Pathway R-HSA-4086398,1/61,0.4571433589707313,0.6983183432687335,0,0,1.661700336700337,1.3007096334584385,GNB3
Reactome_2022,Cell-cell Junction Organization R-HSA-421270,1/61,0.4571433589707313,0.6983183432687335,0,0,1.661700336700337,1.3007096334584385,PVR
Reactome_2022,DNA Damage/Telomere Stress Induced Senescence R-HSA-2559586,1/61,0.4571433589707313,0.6983183432687335,0,0,1.661700336700337,1.3007096334584385,CCNE2
Reactome_2022,Asymmetric Localization Of PCP Proteins R-HSA-4608870,1/62,0.4625612957549303,0.6983183432687335,0,0,1.6343765524093392,1.260065422845358,FZD7
Reactome_2022,RHO GTPases Activate PKNs R-HSA-5625740,1/62,0.4625612957549303,0.6983183432687335,0,0,1.6343765524093392,1.260065422845358,YWHAZ
Reactome_2022,Regulation Of Actin Dynamics For Phagocytic Cup Formation R-HSA-2029482,1/62,0.4625612957549303,0.6983183432687335,0,0,1.6343765524093392,1.260065422845358,WIPF3
Reactome_2022,Signaling By BRAF And RAF1 Fusions R-HSA-6802952,1/62,0.4625612957549303,0.6983183432687335,0,0,1.6343765524093392,1.260065422845358,ESRP1
Reactome_2022,TP53 Regulates Transcription Of DNA Repair Genes R-HSA-6796648,1/62,0.4625612957549303,0.6983183432687335,0,0,1.6343765524093392,1.260065422845358,POLR2K
Reactome_2022,Cytosolic Sensors Of Pathogen-Associated DNA R-HSA-1834949,1/63,0.4679254281615899,0.7041450172978266,0,0,1.6079341805148255,1.2211397240046529,POLR2K
Reactome_2022,Gap-filling DNA Repair Synthesis And Ligation In TC-NER R-HSA-6782210,1/64,0.4732362878557989,0.7070373645772638,0,0,1.5823312489979158,1.1838376810284474,POLR2K
Reactome_2022,Hedgehog Ligand Biogenesis R-HSA-5358346,1/64,0.4732362878557989,0.7070373645772638,0,0,1.5823312489979158,1.1838376810284474,NOTUM
Reactome_2022,Cytochrome P450 - Arranged By Substrate Type R-HSA-211897,1/65,0.4784944011736365,0.7070373645772638,0,0,1.5575284090909092,1.1480709632773298,AHR
Reactome_2022,Dual Incision In TC-NER R-HSA-6782135,1/65,0.4784944011736365,0.7070373645772638,0,0,1.5575284090909092,1.1480709632773298,POLR2K
Reactome_2022,p53-Dependent G1 DNA Damage Response R-HSA-69563,1/65,0.4784944011736365,0.7070373645772638,0,0,1.5575284090909092,1.1480709632773298,CCNE2
Reactome_2022,Signaling By Nuclear Receptors R-HSA-9006931,3/260,0.4799952822221052,0.7070373645772638,0,0,1.1639799888827127,0.8543368727210396,GNB3;GNAI1;POLR2K
Reactome_2022,GPCR Ligand Binding R-HSA-500792,5/458,0.4804228246486536,0.7070373645772638,0,0,1.100794246830978,0.806979799320843,FZD7;NPY;GPR65;GNB3;PTH1R
Reactome_2022,Collagen Biosynthesis And Modifying Enzymes R-HSA-1650814,1/67,0.4888544686362056,0.7148372245422876,0,0,1.5101775329048055,1.0808196289722805,COL28A1
Reactome_2022,G1/S DNA Damage Checkpoints R-HSA-69615,1/67,0.4888544686362056,0.7148372245422876,0,0,1.5101775329048055,1.0808196289722805,CCNE2
Reactome_2022,Cellular Senescence R-HSA-2559583,2/165,0.4903050193975947,0.7148372245422876,0,0,1.223132259973218,0.8717601115427247,CCNE2;VENTX
Reactome_2022,Diseases Associated With O-glycosylation Of Proteins R-HSA-3906995,1/69,0.4990097394392039,0.7230233995589704,0,0,1.4656120023767083,1.018790380974952,C1GALT1
Reactome_2022,Transcription Of HIV Genome R-HSA-167172,1/69,0.4990097394392039,0.7230233995589704,0,0,1.4656120023767083,1.018790380974952,POLR2K
Reactome_2022,trans-Golgi Network Vesicle Budding R-HSA-199992,1/71,0.5089642418271512,0.7351705715281073,0,0,1.4235930735930735,0.9614627548523356,TPD52
Reactome_2022,CDK-mediated Phosphorylation And Removal Of Cdc6 R-HSA-69017,1/72,0.5138674421382572,0.7376992727628968,0,0,1.4034713330487978,0.93441709667159,CCNE2
Reactome_2022,Regulation Of RUNX2 Expression And Activity R-HSA-8939902,1/72,0.5138674421382572,0.7376992727628968,0,0,1.4034713330487978,0.93441709667159,WWP1
Reactome_2022,Positive Epigenetic Regulation Of rRNA Expression R-HSA-5250913,1/74,0.5235281730691199,0.7379854969769521,0,0,1.3648816936488168,0.8833028878855065,POLR2K
Reactome_2022,RNA Polymerase II Transcribes snRNA Genes R-HSA-6807505,1/74,0.5235281730691199,0.7379854969769521,0,0,1.3648816936488168,0.8833028878855065,POLR2K
Reactome_2022,"Cell Death Signaling Via NRAGE, NRIF And NADE R-HSA-204998",1/74,0.5235281730691199,0.7379854969769521,0,0,1.3648816936488168,0.8833028878855065,FGD4
Reactome_2022,Signaling By NOTCH1 R-HSA-1980143,1/74,0.5235281730691199,0.7379854969769521,0,0,1.3648816936488168,0.8833028878855065,HEY1
Reactome_2022,Formation Of Cornified Envelope R-HSA-6809371,1/74,0.5235281730691199,0.7379854969769521,0,0,1.3648816936488168,0.8833028878855065,FLG
Reactome_2022,NoRC Negatively Regulates rRNA Expression R-HSA-427413,1/74,0.5235281730691199,0.7379854969769521,0,0,1.3648816936488168,0.8833028878855065,POLR2K
Reactome_2022,Transcriptional Regulation By Small RNAs R-HSA-5578749,1/76,0.532997864966186,0.7442438988243897,0,0,1.3283501683501684,0.8358482179490926,POLR2K
Reactome_2022,Signaling By Insulin Receptor R-HSA-74752,1/77,0.537662248789203,0.7442438988243897,0,0,1.310805422647528,0.8133871499282319,FGF17
Reactome_2022,G2/M DNA Damage Checkpoint R-HSA-69473,1/77,0.537662248789203,0.7442438988243897,0,0,1.310805422647528,0.8133871499282319,YWHAZ
Reactome_2022,Transcription-Coupled Nucleotide Excision Repair (TC-NER) R-HSA-6781827,1/77,0.537662248789203,0.7442438988243897,0,0,1.310805422647528,0.8133871499282319,POLR2K
Reactome_2022,Negative Epigenetic Regulation Of rRNA Expression R-HSA-5250941,1/77,0.537662248789203,0.7442438988243897,0,0,1.310805422647528,0.8133871499282319,POLR2K
Reactome_2022,mRNA Splicing - Major Pathway R-HSA-72163,2/181,0.5397111367835934,0.7442438988243897,0,0,1.1128945353486657,0.6863456693762511,LSM5;POLR2K
Reactome_2022,Oncogenic MAPK Signaling R-HSA-6802957,1/78,0.5422802767075148,0.7442438988243897,0,0,1.2937163846254756,0.7917185856306663,ESRP1
Reactome_2022,RNA Polymerase I Promoter Clearance R-HSA-73854,1/78,0.5422802767075148,0.7442438988243897,0,0,1.2937163846254756,0.7917185856306663,POLR2K
Reactome_2022,Constitutive Signaling By Aberrant PI3K In Cancer R-HSA-2219530,1/78,0.5422802767075148,0.7442438988243897,0,0,1.2937163846254756,0.7917185856306663,FGF17
Reactome_2022,Amyloid Fiber Formation R-HSA-977225,1/79,0.5468524071888013,0.7461426430447785,0,0,1.2770655270655271,0.7708065307548446,CALB1
Reactome_2022,RNA Polymerase I Transcription R-HSA-73864,1/79,0.5468524071888013,0.7461426430447785,0,0,1.2770655270655271,0.7708065307548446,POLR2K
Reactome_2022,RNA Polymerase II Pre-transcription Events R-HSA-674695,1/80,0.5513790939872845,0.7501320232152591,0,0,1.2608362102032988,0.7506170196471788,POLR2K
Reactome_2022,Metabolism Of Vitamins And Cofactors R-HSA-196854,2/186,0.5544620031734173,0.751857942489999,0,0,1.0823769587287575,0.6383393869925896,SLC25A32;NUDT12
Reactome_2022,Senescence-Associated Secretory Phenotype (SASP) R-HSA-2559582,1/81,0.5558607865417514,0.751857942489999,0,0,1.2450126262626262,0.7311179776143266,VENTX
Reactome_2022,Cyclin E Associated Events During G1/S Transition R-HSA-69202,1/82,0.5602979299297077,0.7556755942567815,0,0,1.2295797480982666,0.712279095057593,CCNE2
Reactome_2022,mRNA Splicing R-HSA-72172,2/189,0.5631517007922224,0.757341942444713,0,0,1.0648497516219224,0.6114433681595213,LSM5;POLR2K
Reactome_2022,Cyclin A:Cdk2-associated Events At S Phase Entry R-HSA-69656,1/84,0.5690403270926457,0.7630684042388487,0,0,1.1998296215163684,0.676468708424512,CCNE2
Reactome_2022,Cell Junction Organization R-HSA-446728,1/86,0.5776097586829732,0.7703763282055965,0,0,1.1714795008912655,0.6429744858131342,PVR
Reactome_2022,Fcgamma Receptor (FCGR) Dependent Phagocytosis R-HSA-2029480,1/87,0.5818306791167622,0.7703763282055965,0,0,1.1577989194268263,0.6270358794218013,WIPF3
Reactome_2022,Gene Expression (Transcription) R-HSA-74160,14/1449,0.58527949944497,0.7703763282055965,0,0,0.9685431773236652,0.5188154259104265,WWP1;COX6C;YWHAZ;ZNF706;CCNE2;HEY1;RRM2B;NPY;TP53INP1;ZNF711;SOX9;ZNF454;POLR2K;VENTX
Reactome_2022,PCP/CE Pathway R-HSA-4086400,1/88,0.5860096298092382,0.7703763282055965,0,0,1.1444328340880066,0.6116067153277536,FZD7
Reactome_2022,Protein-protein Interactions At Synapses R-HSA-6794362,1/88,0.5860096298092382,0.7703763282055965,0,0,1.1444328340880066,0.6116067153277536,SHANK2
Reactome_2022,Regulation Of mRNA Stability By Proteins That Bind AU-rich Elements R-HSA-450531,1/88,0.5860096298092382,0.7703763282055965,0,0,1.1444328340880066,0.6116067153277536,YWHAZ
Reactome_2022,Peptide Hormone Metabolism R-HSA-2980736,1/89,0.5901470259881053,0.7703763282055965,0,0,1.131370523415978,0.5966662330272893,GNB3
Reactome_2022,Antimicrobial Peptides R-HSA-6803157,1/89,0.5901470259881053,0.7703763282055965,0,0,1.131370523415978,0.5966662330272893,DEFB1
Reactome_2022,ER-Phagosome Pathway R-HSA-1236974,1/89,0.5901470259881053,0.7703763282055965,0,0,1.131370523415978,0.5966662330272893,CD36
Reactome_2022,Collagen Formation R-HSA-1474290,1/90,0.5942432788081631,0.7703763282055965,0,0,1.118601747815231,0.5821947177680963,COL28A1
Reactome_2022,Regulation Of TP53 Activity Thru Phosphorylation R-HSA-6804756,1/90,0.5942432788081631,0.7703763282055965,0,0,1.118601747815231,0.5821947177680963,TP53INP1
Reactome_2022,Switching Of Origins To A Post-Replicative State R-HSA-69052,1/90,0.5942432788081631,0.7703763282055965,0,0,1.118601747815231,0.5821947177680963,CCNE2
Reactome_2022,Activation Of HOX Genes During Differentiation R-HSA-5619507,1/91,0.5982987954028239,0.772282033117673,0,0,1.1061167227833897,0.5681734375094627,POLR2K
Reactome_2022,Signaling By NOTCH R-HSA-157118,2/203,0.6020930048939704,0.772282033117673,0,0,0.9899739879283784,0.5022567218509173,HEY1;YWHAZ
Reactome_2022,Post-translational Modification: Synthesis Of GPI-anchored Proteins R-HSA-163125,1/92,0.6023139788204073,0.772282033117673,0,0,1.0939060939060938,0.5545845845142544,RTN4RL2
Reactome_2022,Telomere Maintenance R-HSA-157579,1/92,0.6023139788204073,0.772282033117673,0,0,1.0939060939060938,0.5545845845142544,POLR2K
Reactome_2022,Diseases Of Signal Transduction By Growth Factor Receptors And Second Messengers R-HSA-5663202,4/424,0.6115882730967387,0.780450432061494,0,0,0.9465689865689866,0.465424164778537,FGF17;HEY1;ESRP1;POLR2K
Reactome_2022,P75 NTR Receptor-Mediated Signaling R-HSA-193704,1/95,0.6141215014985416,0.780450432061494,0,0,1.0588330109606705,0.5162472542727428,FGD4
Reactome_2022,Metabolism Of Nucleotides R-HSA-15869,1/95,0.6141215014985416,0.780450432061494,0,0,1.0588330109606705,0.5162472542727428,RRM2B
Reactome_2022,Keratinization R-HSA-6805567,2/208,0.615355148356178,0.780450432061494,0,0,0.9656990784091468,0.4689006928265567,FLG;KRT8
Reactome_2022,Visual Phototransduction R-HSA-2187338,1/98,0.6255801602265438,0.7893185960943886,0,0,1.0259293970634178,0.4812386562071875,RGS9BP
Reactome_2022,G Alpha (Q) Signaling Events R-HSA-416476,2/212,0.6257205110064491,0.7893185960943886,0,0,0.9471114334058496,0.4440545931283242,GPR65;GNB3
Reactome_2022,Stimuli-sensing Channels R-HSA-2672351,1/100,0.6330305302852147,0.794258145237213,0,0,1.0051015202530351,0.4595692288153314,WWP1
Reactome_2022,TNFR2 Non-Canonical NF-kB Pathway R-HSA-5668541,1/100,0.6330305302852147,0.794258145237213,0,0,1.0051015202530351,0.4595692288153314,TNFRSF11A
Reactome_2022,Biological Oxidations R-HSA-211859,2/218,0.6408629165197062,0.8019354142546055,0,0,0.9205207745816882,0.4095762407069163,GGCT;AHR
Reactome_2022,Phase I - Functionalization Of Compounds R-HSA-211945,1/104,0.6474916132822541,0.8028171715761666,0,0,0.9658723153868785,0.4198158590164652,AHR
Reactome_2022,Antigen processing-Cross Presentation R-HSA-1236975,1/104,0.6474916132822541,0.8028171715761666,0,0,0.9658723153868785,0.4198158590164652,CD36
Reactome_2022,Transport Of Inorganic Cations/Anions And Amino Acids/Oligopeptides R-HSA-425393,1/104,0.6474916132822541,0.8028171715761666,0,0,0.9658723153868785,0.4198158590164652,SLC26A7
Reactome_2022,PI3K/AKT Signaling In Cancer R-HSA-2219528,1/105,0.6510173925887907,0.8028171715761666,0,0,0.956536519036519,0.4105635720280464,FGF17
Reactome_2022,Metabolism Of RNA R-HSA-8953854,6/666,0.6541361017234043,0.8028171715761666,0,0,0.9016015073009892,0.382675601815564,IGF2;IGF2BP3;LSM5;YWHAZ;DCAF13;POLR2K
Reactome_2022,"PI5P, PP2A And IER3 Regulate PI3K/AKT Signaling R-HSA-6811558",1/106,0.6545080824190038,0.8028171715761666,0,0,0.9473785473785474,0.4015666188274303,FGF17
Reactome_2022,O-linked Glycosylation R-HSA-5173105,1/107,0.6579640301053701,0.8028171715761666,0,0,0.9383933676386508,0.3928161694025767,C1GALT1
Reactome_2022,Phase II - Conjugation Of Compounds R-HSA-156580,1/107,0.6579640301053701,0.8028171715761666,0,0,0.9383933676386508,0.3928161694025767,GGCT
Reactome_2022,Interleukin-4 And Interleukin-13 Signaling R-HSA-6785807,1/107,0.6579640301053701,0.8028171715761666,0,0,0.9383933676386508,0.3928161694025767,CD36
Reactome_2022,Nucleotide Excision Repair R-HSA-5696398,1/108,0.6613855799209482,0.8028171715761666,0,0,0.9295761351836118,0.3843037678934868,POLR2K
Reactome_2022,Gene Silencing By RNA R-HSA-211000,1/108,0.6613855799209482,0.8028171715761666,0,0,0.9295761351836118,0.3843037678934868,POLR2K
Reactome_2022,Metabolism R-HSA-1430728,19/2049,0.6621526244196587,0.8028171715761666,0,0,0.9240530925013684,0.3809493878727779,UQCRB;OSBPL3;AHR;COX6C;FABP12;GNAI1;AZIN1;GGCT;FUT6;PTDSS1;VCAN;FABP4;NDUFAF6;RRM2B;CA3;GNB3;SLC25A32;CD36;NUDT12
Reactome_2022,MyD88:MAL(TIRAP) Cascade Initiated On Plasma Membrane R-HSA-166058,1/112,0.6747345626680002,0.8159580757845584,0,0,0.8958958958958959,0.3524776134304257,CD36
Reactome_2022,Negative Regulation Of PI3K/AKT Network R-HSA-199418,1/113,0.677989165919199,0.8177807465210957,0,0,0.8878517316017316,0.3450404652743294,FGF17
Reactome_2022,Neddylation R-HSA-8951664,2/237,0.6856471241068943,0.8248916557378574,0,0,0.8452748676962955,0.3190001249760709,KLHL13;DCAF13
Reactome_2022,Epigenetic Regulation Of Gene Expression R-HSA-212165,1/116,0.6875598344642244,0.8250718013570693,0,0,0.864558629776021,0.323869214287575,POLR2K
Reactome_2022,Chromosome Maintenance R-HSA-73886,1/118,0.693782499697244,0.8271330858416299,0,0,0.849693516360183,0.3106452038887148,POLR2K
Reactome_2022,Processing Of Capped Intron-Containing Pre-mRNA R-HSA-72203,2/242,0.6966484435125941,0.8271330858416299,0,0,0.8274534686971236,0.2991032301313069,LSM5;POLR2K
Reactome_2022,Estrogen-dependent Gene Expression R-HSA-9018519,1/119,0.6968474329821699,0.8271330858416299,0,0,0.8424499229583975,0.3042834625538121,POLR2K
Reactome_2022,Synthesis Of DNA R-HSA-69239,1/119,0.6968474329821699,0.8271330858416299,0,0,0.8424499229583975,0.3042834625538121,CCNE2
Reactome_2022,Cell-Cell Communication R-HSA-1500931,1/120,0.6998818418659946,0.8271330858416299,0,0,0.8353280706221883,0.2980816058128486,PVR
Reactome_2022,Glycosaminoglycan Metabolism R-HSA-1630316,1/120,0.6998818418659946,0.8271330858416299,0,0,0.8353280706221883,0.2980816058128486,VCAN
Reactome_2022,Cytokine Signaling In Immune System R-HSA-1280215,6/702,0.7031764752128002,0.8289334770770542,0,0,0.8533589422905128,0.3005081217668027,HLA-DRA;TNFRSF11A;CD36;YWHAZ;HLA-DRB1;HLA-DQA1
Reactome_2022,Diseases Of Metabolism R-HSA-5668914,2/247,0.7073310638990726,0.8313802202144371,0,0,0.8103594737387341,0.2805922002068831,VCAN;C1GALT1
Reactome_2022,Immunoregulatory Interactions Between A Lymphoid And A non-Lymphoid Cell R-HSA-198933,1/123,0.7088049313366676,0.8313802202144371,0,0,0.8146630236794171,0.2803865829668236,PVR
Reactome_2022,Glycerophospholipid Biosynthesis R-HSA-1483206,1/127,0.7202930539448201,0.8427428731154395,0,0,0.7886403719737053,0.2587506429733156,PTDSS1
Reactome_2022,G1/S Transition R-HSA-69206,1/129,0.7258668572682825,0.8471463571111126,0,0,0.776238952020202,0.2486981678992217,CCNE2
Reactome_2022,Sensory Perception R-HSA-9709957,5/616,0.7374836429758016,0.8552340360824773,0,0,0.8094723876693607,0.246493545770638,EPS8;OR2G3;RGS9BP;GNB3;SYN1
Reactome_2022,Signal Transduction R-HSA-162582,22/2465,0.739069991572748,0.8552340360824773,0,0,0.8831320202307527,0.2670261391063031,FZD7;GPR65;PDE2A;WIPF3;IGF2;STMN2;WWP1;PTH1R;YWHAZ;GNAI1;PYGO1;FGF17;FGD4;HEY1;RGS9BP;NPY;ESRP1;GNB3;SOX9;NOTUM;PAG1;POLR2K
Reactome_2022,Cell Surface Interactions At Vascular Wall R-HSA-202733,1/134,0.7393225796510519,0.8552340360824773,0,0,0.7468671679197995,0.2255695278091341,CD74
Reactome_2022,Metabolism Of Lipids R-HSA-556833,6/732,0.7403377053419253,0.8552340360824773,0,0,0.8168115445553034,0.2455734419917337,PTDSS1;FABP4;OSBPL3;CD36;AHR;FABP12
Reactome_2022,Signaling By Hedgehog R-HSA-5358351,1/135,0.7419338005330893,0.8552340360824773,0,0,0.7412558420021107,0.2212613533615847,NOTUM
Reactome_2022,Late Phase Of HIV Life Cycle R-HSA-162599,1/136,0.744518994590457,0.8561053795290758,0,0,0.7357276468387579,0.2170520998898316,POLR2K
Reactome_2022,Influenza Viral RNA Transcription And Replication R-HSA-168273,1/137,0.7470784199586605,0.8569428934819929,0,0,0.7302807486631016,0.2129389993638153,POLR2K
Reactome_2022,RHO GTPase Effectors R-HSA-195258,2/269,0.7506746518281756,0.8571722462848436,0,0,0.7427517633415084,0.2130085351394044,WIPF3;YWHAZ
Reactome_2022,Death Receptor Signaling R-HSA-73887,1/139,0.7521209843695081,0.8571722462848436,0,0,0.7196237739716,0.2049906498160562,FGD4
Reactome_2022,Cell Cycle Checkpoints R-HSA-69620,2/271,0.7543292525424421,0.8571722462848436,0,0,0.7371539637310588,0.2078231129880922,CCNE2;YWHAZ
Reactome_2022,Toll Like Receptor 4 (TLR4) Cascade R-HSA-166016,1/140,0.7546046270712726,0.8571722462848436,0,0,0.7144102899498583,0.2011503182986401,CD36
Reactome_2022,C-type Lectin Receptors (CLRs) R-HSA-5621481,1/141,0.7570635083012934,0.8578831038377853,0,0,0.7092712842712843,0.1973959678707045,CLEC4A
Reactome_2022,Mitotic G1 Phase And G1/S Transition R-HSA-453279,1/147,0.771310392425737,0.8719160957856156,0,0,0.6799155942991559,0.1765498763566782,CCNE2
Reactome_2022,G2/M Checkpoints R-HSA-69481,1/148,0.7736026871560333,0.8724001387687315,0,0,0.6752559609702466,0.1733360857390635,YWHAZ
Reactome_2022,HIV Life Cycle R-HSA-162587,1/149,0.7758721189623303,0.8728561338326216,0,0,0.6706592956592956,0.1701915781013572,POLR2K
Reactome_2022,Metabolism Of Carbohydrates R-HSA-71387,2/285,0.7786438462843919,0.8738736692112599,0,0,0.7001847500493265,0.175187296535778,FUT6;VCAN
Reactome_2022,Metabolism Of Steroids R-HSA-8957322,1/153,0.7847257208695801,0.8785924338922573,0,0,0.6528774587985114,0.1582712210771211,OSBPL3
Reactome_2022,DNA Replication R-HSA-69306,1/155,0.7890211379679294,0.8812932996873293,0,0,0.6443329397874853,0.1526825301075902,CCNE2
Reactome_2022,Regulation Of TP53 Activity R-HSA-5633007,1/157,0.793231268856507,0.8817867786813426,0,0,0.636007511007511,0.1473250736617666,TP53INP1
Reactome_2022,Influenza Infection R-HSA-168255,1/157,0.793231268856507,0.8817867786813426,0,0,0.636007511007511,0.1473250736617666,POLR2K
Reactome_2022,S Phase R-HSA-69242,1/161,0.8014023791548991,0.888759036598324,0,0,0.6199810606060606,0.1372589164300099,CCNE2
Reactome_2022,Toll-like Receptor Cascades R-HSA-168898,1/162,0.803394445723898,0.8888619399498445,0,0,0.6160988769684422,0.1348698789597689,CD36
Reactome_2022,RHO GTPase Cycle R-HSA-9012999,3/441,0.8180096471790946,0.9028974407542838,0,0,0.6766494268940453,0.1359261142306241,FGD4;WIPF3;STMN2
Reactome_2022,Ion Channel Transport R-HSA-983712,1/175,0.8275519564374374,0.9102249369024464,0,0,0.5696911645187507,0.1078330728600854,WWP1
Reactome_2022,Disease R-HSA-1643685,14/1736,0.8297202949800342,0.9102249369024464,0,0,0.794506701823775,0.1483078877367776,FZD7;C1GALT1;WIPF3;PTH1R;YWHAZ;GNAI1;FGF17;VCAN;CCNE2;HEY1;ESRP1;GNB3;CD36;POLR2K
Reactome_2022,Apoptosis R-HSA-109581,1/178,0.8326932243664192,0.9102249369024464,0,0,0.5599497802887633,0.1025211955959297,YWHAZ
Reactome_2022,RAC1 GTPase Cycle R-HSA-9013149,1/178,0.8326932243664192,0.9102249369024464,0,0,0.5599497802887633,0.1025211955959297,WIPF3
Reactome_2022,Major Pathway Of rRNA Processing In Nucleolus And Cytosol R-HSA-6791226,1/179,0.8343728588272425,0.9102249369024464,0,0,0.5567756213823629,0.1008180919666231,DCAF13
Reactome_2022,Cellular Response To Chemical Stress R-HSA-9711123,1/182,0.8393117561801163,0.9114579703826352,0,0,0.5474635861376193,0.0959008720965846,COX6C
Reactome_2022,Class A/1 (Rhodopsin-like Receptors) R-HSA-373076,2/327,0.8393982590489654,0.9114579703826352,0,0,0.6083873486919172,0.1065103744295409,NPY;GPR65
Reactome_2022,Developmental Biology R-HSA-1266738,8/1073,0.843249812707164,0.913520630432761,0,0,0.7368581471376251,0.1256284392265407,FLG;FABP4;DOK4;KRT8;ADAM11;SOX9;CD36;POLR2K
Reactome_2022,Infectious Disease R-HSA-5663205,7/961,0.8475429902518014,0.9160510841520624,0,0,0.7202622728860937,0.1191412583707664,FZD7;WIPF3;GNB3;PTH1R;YWHAZ;GNAI1;POLR2K
Reactome_2022,rRNA Processing In Nucleus And Cytosol R-HSA-8868773,1/189,0.8502733614761383,0.9168846386424716,0,0,0.5268912529550828,0.0854603804917628,DCAF13
Reactome_2022,Peptide Ligand-Binding Receptors R-HSA-375276,1/196,0.8604906942539345,0.92364597456615,0,0,0.5077959077959078,0.0762975933308244,NPY
Reactome_2022,SARS-CoV-2-host Interactions R-HSA-9705683,1/196,0.8604906942539345,0.92364597456615,0,0,0.5077959077959078,0.0762975933308244,YWHAZ
Reactome_2022,rRNA Processing R-HSA-72312,1/199,0.8646542992095317,0.9259913318765696,0,0,0.5000255076012652,0.0727164624689545,DCAF13
Reactome_2022,Phospholipid Metabolism R-HSA-1483257,1/208,0.8764176805660943,0.9343131537697772,0,0,0.4780656809642317,0.0630628378884277,PTDSS1
Reactome_2022,Programmed Cell Death R-HSA-5357801,1/208,0.8764176805660943,0.9343131537697772,0,0,0.4780656809642317,0.0630628378884277,YWHAZ
Reactome_2022,Signaling By Rho GTPases R-HSA-194315,4/644,0.8868508305226741,0.943286792465026,0,0,0.6141346153846153,0.0737443534920596,FGD4;WIPF3;STMN2;YWHAZ
Reactome_2022,"Signaling By Rho GTPases, Miro GTPases And RHOBTB3 R-HSA-9716542",4/660,0.8977687305531717,0.9527341630360192,0,0,0.5986554096310194,0.0645606649585584,FGD4;WIPF3;STMN2;YWHAZ
Reactome_2022,HIV Infection R-HSA-162906,1/229,0.9000581403974467,0.953002736891414,0,0,0.4335681375155059,0.0456529547529346,POLR2K
Reactome_2022,SLC-mediated Transmembrane Transport R-HSA-425407,1/247,0.9167022658720592,0.968434899386284,0,0,0.4014740904984807,0.0349172222969213,SLC26A7
Reactome_2022,Transport Of Small Molecules R-HSA-382551,4/706,0.9241826768728952,0.9741384972444028,0,0,0.5580831324421068,0.044002357368778,NIPAL2;WWP1;GNB3;SLC26A7
Reactome_2022,PIP3 Activates AKT Signaling R-HSA-1257604,1/268,0.9326648027074782,0.9807869918372156,0,0,0.3695002459047403,0.0257576444891805,FGF17
Reactome_2022,RAF/MAP Kinase Cascade R-HSA-5673001,1/271,0.9346816204260644,0.9807869918372156,0,0,0.3653385708941264,0.0246783722508405,FGF17
Reactome_2022,MAPK1/MAPK3 Signaling R-HSA-5684996,1/277,0.938536693230037,0.98203421862795,0,0,0.3572866344605475,0.022663879551588,FGF17
Reactome_2022,Signaling By Interleukins R-HSA-449147,2/453,0.9420907997053504,0.98203421862795,0,0,0.4355802672009184,0.0259839391753053,CD36;YWHAZ
Reactome_2022,SARS-CoV-2 Infection R-HSA-9694516,1/283,0.9421653080426272,0.98203421862795,0,0,0.3495773336198868,0.0208259065924544,YWHAZ
Reactome_2022,Innate Immune System R-HSA-168249,6/1035,0.948666322838609,0.9847161169346308,0,0,0.5671384764120304,0.0298871493137051,CLEC4A;WIPF3;DEFB1;CD36;POLR2K;SERPINB6
Reactome_2022,Neutrophil Degranulation R-HSA-6798695,2/468,0.9489465143964072,0.9847161169346308,0,0,0.4212326528833794,0.0220737881214862,CD36;SERPINB6
Reactome_2022,Intracellular Signaling By Second Messengers R-HSA-9006925,1/306,0.9542059798556124,0.9854678000772166,0,0,0.3228349064414638,0.0151331183710138,FGF17
Reactome_2022,Vesicle-mediated Transport R-HSA-5653656,3/637,0.9547150222804784,0.9854678000772166,0,0,0.4627325693684413,0.021444132742989,TPD52;CD36;YWHAZ
Reactome_2022,DNA Repair R-HSA-73894,1/310,0.9560290849982837,0.9854678000772166,0,0,0.3185904350952894,0.0143260378572692,POLR2K
Reactome_2022,MAPK Family Signaling Cascades R-HSA-5683057,1/318,0.9594614431075288,0.9854678000772166,0,0,0.3104228403912946,0.0128462745640397,FGF17
Reactome_2022,Cell Cycle R-HSA-1640170,3/654,0.9601993949470314,0.9854678000772166,0,0,0.4502492241136085,0.0182865629241388,CCNE2;YWHAZ;POLR2K
Reactome_2022,Metabolism Of Proteins R-HSA-392499,12/1890,0.9690882600209544,0.9920130999073828,0,0,0.6124276024670687,0.0192299741684144,VCAN;CALB1;CCNE2;TTLL2;RGS9BP;C1GALT1;IGF2;GNB3;RTN4RL2;NOTUM;KLHL13;DCAF13
Reactome_2022,Metabolism Of Amino Acids And Derivatives R-HSA-71291,1/364,0.9746117320730348,0.9920130999073828,0,0,0.2704455018504605,0.0069548064939679,AZIN1
Reactome_2022,SARS-CoV Infections R-HSA-9679506,1/369,0.9758724081508168,0.9920130999073828,0,0,0.2667023495827844,0.006513786290832,YWHAZ
Reactome_2022,Cellular Responses To Stress R-HSA-2262752,3/722,0.9765064763976102,0.9920130999073828,0,0,0.4062189548976753,0.009657407362363,CCNE2;COX6C;VENTX
Reactome_2022,Cellular Responses To Stimuli R-HSA-8953897,3/736,0.9789649146888768,0.9920130999073828,0,0,0.3981679984408497,0.0084648426090489,CCNE2;COX6C;VENTX
Reactome_2022,Expression And Translocation Of Olfactory Receptors R-HSA-9752946,1/393,0.981108549894656,0.9920130999073828,0,0,0.2500644197072768,0.0047692719363569,OR2G3
Reactome_2022,Olfactory Signaling Pathway R-HSA-381753,1/401,0.9825891169072736,0.9920130999073828,0,0,0.2449621212121212,0.0043025722926544,OR2G3
Reactome_2022,Membrane Trafficking R-HSA-199991,2/599,0.98353435546373,0.9920130999073828,0,0,0.3265736465746669,0.0054220075229187,TPD52;YWHAZ
Reactome_2022,Post-translational Protein Modification R-HSA-597592,7/1383,0.9864780372366836,0.9928424116704684,0,0,0.4881866218507752,0.0066462786480691,VCAN;TTLL2;C1GALT1;RTN4RL2;NOTUM;KLHL13;DCAF13
Reactome_2022,Axon Guidance R-HSA-422475,1/519,0.9947952331557104,0.9960147250155308,0,0,0.188009438009438,0.000981100710173468,DOK4
Reactome_2022,"Cell Cycle, Mitotic R-HSA-69278",1/523,0.9950045713000156,0.9960147250155308,0,0,0.1865300514725802,0.0009341327166471353,CCNE2
Reactome_2022,Nervous System Development R-HSA-9675108,1/545,0.9960147250155308,0.9960147250155308,0,0,0.1787823083778966,0.0007139201921712461,DOK4
